INSERT INTO lectors (id,first_name, salary, degree) VALUES (1, 'Nick Green', 10000, 'ASSISTANT')
INSERT INTO lectors (id,first_name, salary, degree) VALUES (2, 'Nora White', 40000, 'PROFESSOR')
INSERT INTO lectors (id,first_name, salary, degree) VALUES (3, 'Mick Black', 25000, 'ASSOCIATE_PROFESSOR')
INSERT INTO lectors (id,first_name, salary, degree) VALUES (4, 'Ivan Petrenko', 25000, 'ASSOCIATE_PROFESSOR')
INSERT INTO lectors (id,first_name, salary, degree) VALUES (5, 'Petro Ivanov', 55000, 'PROFESSOR')

INSERT INTO departments (id, title, head_of_department) VALUES (4, 'Computer Science', 'Nora White')
INSERT INTO departments (id, title, head_of_department) VALUES (5, 'Psychology', 'Nick Green')
INSERT INTO departments (id, title, head_of_department) VALUES (6, 'History', 'Mick Black')
INSERT INTO departments (id, title, head_of_department) VALUES (7, 'Physics', 'Nora White')
INSERT INTO departments (id, title, head_of_department) VALUES (8, 'Economic', 'Petro Ivanov')

INSERT INTO department_lectors (department_id, lector_id) VALUES (4,1)
INSERT INTO department_lectors (department_id, lector_id) VALUES (4,2)
INSERT INTO department_lectors (department_id, lector_id) VALUES (4,4)
INSERT INTO department_lectors (department_id, lector_id) VALUES (5,2)
INSERT INTO department_lectors (department_id, lector_id) VALUES (5,1)
INSERT INTO department_lectors (department_id, lector_id) VALUES (6,3)
INSERT INTO department_lectors (department_id, lector_id) VALUES (7,2)
INSERT INTO department_lectors (department_id, lector_id) VALUES (7,3)
INSERT INTO department_lectors (department_id, lector_id) VALUES (8,5)
INSERT INTO department_lectors (department_id, lector_id) VALUES (8,2)